user_type,model,true_avg_unfiltered,true_avg_filtered,true_avg_delta,true_top_unfiltered,true_top_filtered,true_top_delta,true_min_unfiltered,true_min_filtered,true_min_delta,mse_unfiltered,mse_filtered,mse_delta
random,svd,0.4055226876236839,0.4049110329116119,-0.000611654712071974,0.562927875316128,0.5548426735513239,-0.008085201764804095,0.27005711009087113,0.2775493715263509,0.007492261435479763,0.0087346522761976,0.008591965616944334,-0.00014268665925326607
random,knn,0.4057549261019901,0.40511470645503467,-0.0006402196469554311,0.5629120134995406,0.5548347385759625,-0.008077274923578015,0.2702410059328489,0.2777052407771652,0.007464234844316298,0.0070406145533556674,0.006873996039141367,-0.0001666185142143008
random,baseline,0.4059176633946319,0.4052609713532056,-0.0006566920414263211,0.5630415493318299,0.5549622044967845,-0.008079344835045466,0.27085594185951717,0.27827980346989056,0.0074238616103733945,0.005637445894509166,0.005495134762767467,-0.00014231113174169915
random,avg,0.40573175904010195,0.40509557023995074,-0.000636188800151205,0.5629604793824995,0.5548798722080236,-0.008080607174475896,0.27038468596107906,0.2778448052578022,0.007460119296723133,0.0071375709080208115,0.006987032139617722,-0.00015053876840308983
top,svd,0.35031888154144863,0.3492918112715258,-0.0010270702699228251,0.5390738202288361,0.5342641080932627,-0.004809712135573352,0.21393722626122572,0.21603935335977734,0.0021021270985516205,0.003920664178206,0.003931731148959333,1.1066970753332434e-05
top,knn,0.35214441907696004,0.35102732520281027,-0.001117093874149766,0.5391059698275087,0.5342905980078814,-0.004815371819627323,0.2149958104515192,0.2169552157792526,0.001959405327733421,0.0031853901833669,0.0031836258022154332,-1.7643811514667443e-06
top,baseline,0.35141418016378023,0.3503456314378745,-0.001068548725905727,0.5391356552428359,0.5343184266092847,-0.004817228633551163,0.21535143537951537,0.21732017181046695,0.0019687364309515787,0.003158890404452733,0.0031520470564312332,-6.84334802149994e-06
top,avg,0.35129249359406295,0.35022158930407016,-0.0010709042899927912,0.5391051484330602,0.5342910442368095,-0.004814104196250724,0.2147614906974201,0.21677158031649899,0.002010089619078892,0.0034216482553418776,0.003422468002535333,8.197471934555389e-07
