user_type,model,true_avg_unfiltered,true_avg_filtered,true_avg_delta,true_top_unfiltered,true_top_filtered,true_top_delta,true_min_unfiltered,true_min_filtered,true_min_delta,mse_unfiltered,mse_filtered,mse_delta
random,svd,0.0050281442421833,0.004828260012567766,-0.00019988422961553405,0.028536069175114465,0.026529076307589366,-0.0020069928675250995,0.00043797393643676665,0.0004747943837094333,3.6820447272666674e-05,0.0016790075378718666,0.0016943348774242,1.532733955233339e-05
random,knn,0.0050797056799458335,0.004874318715293067,-0.00020538696465276663,0.0287207006047283,0.026684045273754568,-0.002036655330973733,0.00043828030929363333,0.0004751286086450333,3.6848299351399975e-05,0.00010444377422976667,9.807581752194332e-05,-6.367956707823357e-06
random,baseline,0.0050972277005892,0.004890613294889367,-0.00020661440569983303,0.028788687521854667,0.026756432822693032,-0.0020322546991616355,0.00043836386552903336,0.0004752121648804,3.6848299351366636e-05,9.209413392846306e-05,8.66495512659443e-05,-5.444582662518762e-06
random,avg,0.005068359207572777,0.004864397340916733,-0.00020396186665604457,0.028681819100565813,0.02665651813467899,-0.0020253009658868226,0.0004382060370864778,0.00047504505241162225,3.6839015325144464e-05,0.0006251818153433655,0.0006263534154040292,1.1716000606637076e-06
top,svd,0.0009368713502535,0.0009242382668289334,-1.2633083424566584e-05,0.007806835996565499,0.0075995203780907,-0.0002073156184747996,3.2543772003595006e-05,3.4955966122195727e-05,2.4121941186007204e-06,0.0004608650562245,0.00046589947608723336,5.034419862733346e-06
top,knn,0.0012227700336199,0.001192789016226,-2.998101739390001e-05,0.008626297102803734,0.008371293853549733,-0.0002550032492540013,3.5385352669916004e-05,3.744800486574026e-05,2.062652195824258e-06,3.869641377085181e-06,2.954625913098068e-06,-9.150154639871127e-07
top,baseline,0.0012233499981974666,0.0011947440645104,-2.8605933687066588e-05,0.0086195351523488,0.008368345813497166,-0.00025118933885163314,3.622194666874071e-05,3.833960292581838e-05,2.117656257077672e-06,3.350521288299151e-06,3.000359780586927e-06,-3.5016150771222413e-07
top,avg,0.0011276637940236223,0.0011039237825217778,-2.3740011501844575e-05,0.008350889417239344,0.008113053348379199,-0.00023783606886014497,3.471702378075057e-05,3.6914524637918123e-05,2.1975008571675547e-06,0.0001560284062966281,0.00015728482059363945,1.256414297011346e-06
